activity_id,assay_chembl_id,molecule_chembl_id,type,units,value
31863,CHEMBL663853,CHEMBL113081,IC50,uM,100.0
31864,CHEMBL872937,CHEMBL324340,IC50,uM,2.5
31865,CHEMBL693237,CHEMBL324340,IC50,uM,50.0
31866,CHEMBL872937,CHEMBL109600,IC50,uM,9.0
31867,CHEMBL693238,CHEMBL109600,IC50,uM,
31868,CHEMBL760688,CHEMBL357278,IC50,uM,4.0
31869,CHEMBL623452,CHEMBL357278,% remaining,%,25.0
31870,CHEMBL760688,CHEMBL357119,IC50,uM,17.0
31871,CHEMBL623452,CHEMBL357119,% remaining,%,27.0
31872,CHEMBL760688,CHEMBL152968,IC50,nM,180.0
31873,CHEMBL623452,CHEMBL152968,% remaining,%,58.0
31874,CHEMBL666153,CHEMBL152968,IC50,uM,6.0
31875,CHEMBL665756,CHEMBL152968,IC50,uM,37.0
31876,CHEMBL660388,CHEMBL152968,IC50,uM,24.0
31877,CHEMBL684289,CHEMBL152968,Delta S-H,ms,3.0
31878,CHEMBL684287,CHEMBL152968,Delta H-V,ms,0.0
31879,CHEMBL684285,CHEMBL152968,Delta CPP,mmHg,-4.3
31880,CHEMBL651396,CHEMBL174698,EC50,uM,0.0636
31881,CHEMBL657398,CHEMBL174698,CC50,uM,1000.0
31882,CHEMBL845142,CHEMBL174698,Selectivity index,uM,15723.0
31883,CHEMBL752464,CHEMBL174698,Inhibition,,
31884,CHEMBL618375,CHEMBL174698,T1/2,min,20.0
31885,CHEMBL824039,CHEMBL416206,Inhibition,%,47.0
31886,CHEMBL858517,CHEMBL416206,MIC,uM,200.0
31887,CHEMBL824039,CHEMBL33450,Inhibition,%,38.0
31888,CHEMBL858517,CHEMBL33450,MIC,uM,200.0
31889,CHEMBL873200,CHEMBL268177,Ki,nM,6000.0
31890,CHEMBL657848,CHEMBL268177,Ki,nM,70.0
31891,CHEMBL657970,CHEMBL268177,Ki,nM,285.0
31892,CHEMBL657976,CHEMBL268177,Ki,nM,50.0
31893,CHEMBL873200,CHEMBL268439,Ki,nM,6.0
31894,CHEMBL657848,CHEMBL268439,Ki,nM,2.0
31895,CHEMBL657970,CHEMBL268439,Ki,nM,38.0
31896,CHEMBL657976,CHEMBL268439,Ki,nM,2.0
31897,CHEMBL640247,CHEMBL608018,Ki low,nM,913.0
31898,CHEMBL677060,CHEMBL608018,CPA,%,89.0
31899,CHEMBL645219,CHEMBL609538,Ki high,nM,102.0
31900,CHEMBL640243,CHEMBL609538,Ki low,nM,614.0
31901,CHEMBL677060,CHEMBL609538,CPA,%,89.0
31902,CHEMBL761156,CHEMBL295054,EC50,M,0.000013
31903,CHEMBL676987,CHEMBL295054,EC10,M,90.0
31904,CHEMBL851509,CHEMBL295054,Selective toxicity,,1.8
31905,CHEMBL789690,CHEMBL327375,Inhibitory response,%,77.0
31906,CHEMBL792546,CHEMBL327375,Relative potency,,0.18
31907,CHEMBL789690,CHEMBL327233,Inhibitory response,%,94.0
31908,CHEMBL792546,CHEMBL327233,Relative potency,,0.34
31909,CHEMBL663871,CHEMBL54530,Log 1/Ki,,4.721
31910,CHEMBL858266,CHEMBL54530,Log 1/Ki,,3.801
31911,CHEMBL657133,CHEMBL132530,Inhibition,%,50.1
31912,CHEMBL657134,CHEMBL132530,Inhibition,%,81.6
31913,CHEMBL743308,CHEMBL542969,T/C,%,11.0
31914,CHEMBL880131,CHEMBL542969,Average lesion score,,0.17
31915,CHEMBL740797,CHEMBL542969,Reduction,%,94.0
31916,CHEMBL742666,CHEMBL542969,Average lesion score,,0.33
31917,CHEMBL742665,CHEMBL542969,Average lesion score,,0.55
31918,CHEMBL840401,CHEMBL542969,Average lesion score,,0.83
31919,CHEMBL742664,CHEMBL542969,Average lesion score,,0.83
31920,CHEMBL741406,CHEMBL542969,Reduction,%,87.0
31921,CHEMBL741405,CHEMBL542969,Reduction,%,80.0
31922,CHEMBL741404,CHEMBL542969,Reduction,%,67.0
31923,CHEMBL740803,CHEMBL542969,Reduction,%,67.0
31924,CHEMBL740801,CHEMBL542969,Reduction,%,85.0
31925,CHEMBL740800,CHEMBL542969,Reduction,%,78.0
31926,CHEMBL740799,CHEMBL542969,Reduction,%,78.0
31927,CHEMBL740798,CHEMBL542969,Reduction,%,70.0
31928,CHEMBL687295,CHEMBL302907,KB,uM,0.027
31929,CHEMBL782272,CHEMBL302907,ED50,uM kg-1,0.075
31930,CHEMBL850823,CHEMBL302907,Ratio,,116.0
31931,CHEMBL694844,CHEMBL302907,pA2,,7.6
31932,CHEMBL696887,CHEMBL302907,pA2,,3.9
31933,CHEMBL821571,CHEMBL302907,pA2,,3.4
31934,CHEMBL652668,CHEMBL302907,pA2,,4.3
31935,CHEMBL791828,CHEMBL424351,Saluretic potency,u equiv,0.2
31936,CHEMBL791829,CHEMBL424351,Saluretic potency,u equiv,0.3
31937,CHEMBL663830,CHEMBL424351,Saluretic potency,u equiv min-1,100.0
31938,CHEMBL848717,CHEMBL157212,Log SP,,
31939,CHEMBL848718,CHEMBL156939,Log SP,,
31940,CHEMBL847678,CHEMBL154020,Log SP,,1.61
31941,CHEMBL847678,CHEMBL439640,Log SP,,2.24
31942,CHEMBL848716,CHEMBL151681,Log SP,,
31943,CHEMBL847678,CHEMBL3350727,Log SP,,1.44
31944,CHEMBL847678,CHEMBL155212,Log SP,,1.2
31945,CHEMBL847678,CHEMBL2370002,Log SP,,0.71
31946,CHEMBL804854,CHEMBL429345,I50,ng ml-1,9.0
31947,CHEMBL804855,CHEMBL429345,I50,ng ml-1,200.0
31948,CHEMBL879438,CHEMBL429345,I50,ng ml-1,56.0
31949,CHEMBL703516,CHEMBL429345,I50,ng ml-1,64.0
31950,CHEMBL686358,CHEMBL415997,IC50,ug ml-1,2.9
31951,CHEMBL779614,CHEMBL415997,ED50,mg kg-1,8.8
31952,CHEMBL784680,CHEMBL415997,ED50,mg kg-1,
31953,CHEMBL773605,CHEMBL435966,Dose,mg kg-1 day-1,20.0
31954,CHEMBL693881,CHEMBL435966,Dose,mg kg-1 day-1,100.0
31955,CHEMBL689690,CHEMBL13299,pA2,,8.1
31956,CHEMBL857044,CHEMBL13299,pA2,,6.7
31957,CHEMBL849591,CHEMBL13299,Selectivity,,25.1
31958,CHEMBL685330,CHEMBL13299,Duration,min,60.0
31959,CHEMBL789690,CHEMBL329101,Inhibitory response,%,8.0
31960,CHEMBL789690,CHEMBL545251,Inhibitory response,%,2.0
31961,CHEMBL789690,CHEMBL92060,Inhibitory response,%,9.0
31962,CHEMBL655651,CHEMBL305153,pA2,,7.43
31963,CHEMBL651634,CHEMBL305153,pA2,,7.77
31964,CHEMBL650687,CHEMBL305153,IC50,nM,29.4
31965,CHEMBL652388,CHEMBL305153,IC50,nM,30.8
31966,CHEMBL651626,CHEMBL305153,Ratio,,1.05
31967,CHEMBL725926,CHEMBL290578,Reduction,%,100.0
31968,CHEMBL723274,CHEMBL290578,Reduction,%,80.0
31969,CHEMBL723273,CHEMBL290578,Reduction,%,20.0
31970,CHEMBL723272,CHEMBL290578,Reduction,%,0.0
31971,CHEMBL723275,CHEMBL290578,Reduction,%,0.0
31972,CHEMBL811149,CHEMBL1446,MIC,ug ml-1,7.8
31973,CHEMBL814983,CHEMBL1446,MIC,ug ml-1,15.6
31974,CHEMBL810032,CHEMBL1446,MIC,ug ml-1,250.0
31975,CHEMBL810961,CHEMBL1446,MIC,ug ml-1,125.0
31976,CHEMBL676856,CHEMBL1446,MIC,ug ml-1,3.9
31977,CHEMBL700554,CHEMBL1446,MIC,ug ml-1,1.0
31978,CHEMBL801482,CHEMBL1446,MIC,ug ml-1,2.0
31979,CHEMBL764765,CHEMBL1446,MIC,ug ml-1,62.5
31980,CHEMBL765922,CHEMBL1446,MIC,ug ml-1,15.6
31981,CHEMBL765701,CHEMBL1446,MIC,ug ml-1,62.5
31982,CHEMBL810635,CHEMBL1446,MIC,ug ml-1,7.8
31983,CHEMBL803226,CHEMBL1446,MIC,ug ml-1,15.6
31984,CHEMBL764759,CHEMBL1446,MIC,ug ml-1,15.6
31985,CHEMBL764763,CHEMBL1446,MIC,ug ml-1,15.6
31986,CHEMBL764760,CHEMBL1446,MIC,ug ml-1,31.2
31987,CHEMBL764765,CHEMBL1446,MIC,ug ml-1,31.2
31988,CHEMBL764762,CHEMBL1446,MIC,ug ml-1,62.5
31989,CHEMBL764761,CHEMBL1446,MIC,ug ml-1,15.6
31990,CHEMBL764764,CHEMBL1446,MIC,ug ml-1,125.0
31991,CHEMBL733653,CHEMBL156707,pI50,,5.8
31992,CHEMBL665216,CHEMBL156707,pI50,,
31993,CHEMBL706200,CHEMBL156707,pI50,,
31994,CHEMBL673296,CHEMBL156707,pI50,,
31995,CHEMBL689690,CHEMBL12902,pA2,,6.0
31996,CHEMBL689690,CHEMBL13228,pA2,,9.4
31997,CHEMBL857044,CHEMBL13228,pA2,,9.1
31998,CHEMBL849591,CHEMBL13228,Selectivity,,2.0
31999,CHEMBL685330,CHEMBL13228,Duration,min,60.0
32000,CHEMBL747957,CHEMBL267696,Growth of cells,,6.0
32001,CHEMBL749718,CHEMBL267696,Growth of cells,,6.0
32002,CHEMBL634600,CHEMBL175312,Solubility ratio,,1.065
32003,CHEMBL633104,CHEMBL175312,Solubility ratio,,1.104
32004,CHEMBL633105,CHEMBL175312,Solubility ratio,,1.206
32005,CHEMBL634599,CHEMBL175312,Solubility ratio,,1.396
32006,CHEMBL638280,CHEMBL175312,Solubility,g dl-1,24.84
32007,CHEMBL638278,CHEMBL175312,Solubility,g dl-1,17.0
32008,CHEMBL634600,CHEMBL175414,Solubility ratio,,1.061
32009,CHEMBL633104,CHEMBL175414,Solubility ratio,,1.117
32010,CHEMBL633105,CHEMBL175414,Solubility ratio,,1.234
32011,CHEMBL634599,CHEMBL175414,Solubility ratio,,1.339
32012,CHEMBL638280,CHEMBL175414,Solubility,g dl-1,23.88
32013,CHEMBL638278,CHEMBL175414,Solubility,g dl-1,17.29
32014,CHEMBL690306,CHEMBL307157,MP,%,45.0
32015,CHEMBL690307,CHEMBL307157,MP,%,0.0
32016,CHEMBL690203,CHEMBL307157,DP,%,0.0
32017,CHEMBL695970,CHEMBL307157,TP,%,76.0
32018,CHEMBL662211,CHEMBL307157,Inhibition,%,3.0
32019,CHEMBL658100,CHEMBL307157,Inhibition,%,14.0
32020,CHEMBL695599,CHEMBL307157,ED50,ug ml-1,6.0
32021,CHEMBL691501,CHEMBL307157,ED50,ug ml-1,12.0
32022,CHEMBL650180,CHEMBL279087,IC50,nM,120.0
32023,CHEMBL650180,CHEMBL279969,IC50,nM,1850.0
32024,CHEMBL788295,CHEMBL279969,MED,mg kg-1,50.0
32025,CHEMBL650180,CHEMBL20214,IC50,nM,34.0
32026,CHEMBL788295,CHEMBL20214,MED,mg kg-1,10.0
32027,CHEMBL650180,CHEMBL277617,IC50,nM,107.0
32028,CHEMBL788295,CHEMBL277617,MED,mg kg-1,2.0
32029,CHEMBL769700,CHEMBL408689,Activity,%,0.01
32030,CHEMBL796079,CHEMBL408689,pA2,,5.3
32031,CHEMBL755012,CHEMBL3350133,IC50,nM,22.0
32032,CHEMBL846229,CHEMBL3350133,Potency ratio,,4.0
32033,CHEMBL881845,CHEMBL3350133,Ratio,,2.1
32034,CHEMBL752187,CHEMBL3350133,Ki,nM,44.0
32035,CHEMBL751876,CHEMBL3350133,Relative affinity,,4.1
32036,CHEMBL873912,CHEMBL3350133,Ki,nM,590.0
32037,CHEMBL758249,CHEMBL3350133,Relative affinity,,10.8
32038,CHEMBL753852,CHEMBL3350133,Ki,nM,110.0
32039,CHEMBL756036,CHEMBL3350133,Relative affinity,,4.5
32040,CHEMBL852904,CHEMBL3350133,Selectivity ratio,,
32041,CHEMBL676240,CHEMBL428337,Inhibition,%,0.0
32042,CHEMBL676241,CHEMBL428337,Inhibition,%,21.0
32043,CHEMBL676242,CHEMBL428337,Inhibition,%,50.0
32044,CHEMBL669821,CHEMBL428337,Inhibition,%,20.0
32045,CHEMBL666742,CHEMBL428337,Inhibition,%,50.0
32046,CHEMBL706008,CHEMBL65,T/C,%,164.0
32047,CHEMBL705361,CHEMBL65,Active dose,mg kg-1,2.0
32048,CHEMBL706009,CHEMBL65,Toxic dose,mg kg-1,16.0
32049,CHEMBL642843,CHEMBL15886,I50,mM,0.1
32050,CHEMBL642842,CHEMBL15886,I50,mM,0.17
32051,CHEMBL630713,CHEMBL15886,Rate constant,,0.0661
32052,CHEMBL852817,CHEMBL15886,Ratio,,1.11
32053,CHEMBL758716,CHEMBL63484,Ki,mM,1.4
32054,CHEMBL758720,CHEMBL63484,k3,s-1,11000.0
32055,CHEMBL758716,CHEMBL294543,Ki,mM,2.41
32056,CHEMBL758719,CHEMBL294543,k3,s-1,5000.0
32057,CHEMBL758714,CHEMBL66259,Activity,,
32058,CHEMBL705697,CHEMBL66259,Activity,,
32059,CHEMBL686356,CHEMBL1202755,IC50,uM,8.0
32060,CHEMBL808532,CHEMBL1202755,IC50,uM,1.0
32061,CHEMBL706332,CHEMBL542565,IC50,M,8.7E-7
32062,CHEMBL758597,CHEMBL542565,Dose,mg kg-1,6.25
32063,CHEMBL762168,CHEMBL542565,Activity,,3.4
32064,CHEMBL759554,CHEMBL542565,T/C,%,194.0
32065,CHEMBL706332,CHEMBL543512,IC50,M,9.3E-7
32066,CHEMBL758597,CHEMBL543512,Dose,mg kg-1,50.0
32067,CHEMBL762168,CHEMBL543512,Activity,,6.4
32068,CHEMBL759554,CHEMBL543512,T/C,%,242.0
32069,CHEMBL695955,CHEMBL300432,ED50,M,0.0000013
32070,CHEMBL672826,CHEMBL300432,ED50,mg kg-1,
32071,CHEMBL659115,CHEMBL286931,MIC,ug ml-1,3.1
32072,CHEMBL649170,CHEMBL286931,MIC,ug ml-1,12.5
32073,CHEMBL856998,CHEMBL286931,MIC,ug ml-1,0.4
32074,CHEMBL651765,CHEMBL297330,RBA,,120.0
32075,CHEMBL647837,CHEMBL297330,Relative activity,,0.7
32076,CHEMBL651764,CHEMBL757,RBA,%,80.0
32077,CHEMBL647836,CHEMBL757,Relative activity,,0.2
32078,CHEMBL764193,CHEMBL103,RBA,%,100.0
32079,CHEMBL760885,CHEMBL103,Relative activity,,1.0
32080,CHEMBL739711,CHEMBL558173,LD50,mg kg-1,1000.0
32081,CHEMBL776428,CHEMBL558173,ED50,mg kg-1,25.0
32082,CHEMBL737804,CHEMBL558173,ED50,mg kg-1,75.0
32083,CHEMBL670668,CHEMBL23228,IC50,uM,0.019
32084,CHEMBL785466,CHEMBL23228,ED50,uM kg-1,1.23
32085,CHEMBL783195,CHEMBL23228,ED50,uM kg-1,0.95
32086,CHEMBL726655,CHEMBL76018,Inhibition,%,1.0
32087,CHEMBL786137,CHEMBL76018,Inhibition,%,1.0
32088,CHEMBL650180,CHEMBL21222,IC50,nM,10.0
32089,CHEMBL788295,CHEMBL21222,MED,mg kg-1,5.0
32090,CHEMBL650180,CHEMBL21087,IC50,nM,160.0
32091,CHEMBL874696,CHEMBL53366,Kb,nM,0.317
32092,CHEMBL751169,CHEMBL53366,Kb,nM,4.13
32093,CHEMBL849679,CHEMBL53366,Ratio,,13.0
32094,CHEMBL874696,CHEMBL103906,Kb,nM,2.52
32095,CHEMBL751169,CHEMBL103906,Kb,nM,11.6
32096,CHEMBL849679,CHEMBL103906,Ratio,,4.6
32097,CHEMBL798926,CHEMBL296346,IC50,uM,10.0
32098,CHEMBL761371,CHEMBL296346,IC50,uM,3.8
32099,CHEMBL756997,CHEMBL296346,IC50,uM,1.0
32100,CHEMBL761370,CHEMBL296346,IC50,uM,
32101,CHEMBL761368,CHEMBL296346,IC50,uM,
32102,CHEMBL761371,CHEMBL129,IC50,uM,0.004
32103,CHEMBL756997,CHEMBL129,IC50,uM,0.15
32104,CHEMBL761369,CHEMBL129,IC50,uM,0.006
32105,CHEMBL759380,CHEMBL129,IC50,uM,0.004
32106,CHEMBL798927,CHEMBL129,IC50,uM,
32107,CHEMBL639141,CHEMBL366700,kHO,M-1 s-1,76.8
32108,CHEMBL639141,CHEMBL172768,kHO,M-1 s-1,27.3
32109,CHEMBL667101,CHEMBL318711,Activity,,
32110,CHEMBL667101,CHEMBL97827,Activity,,
32111,CHEMBL671073,CHEMBL303519,IC50,nM,9800.0
32112,CHEMBL670427,CHEMBL303519,IC50,nM,5600.0
32113,CHEMBL676182,CHEMBL303519,IC50,nM,20.0
32114,CHEMBL803259,CHEMBL303519,IC50,nM,10000.0
32115,CHEMBL646846,CHEMBL122071,Inhibition,%,30.0
32116,CHEMBL884029,CHEMBL122071,IC50,uM,100.0
32117,CHEMBL642849,CHEMBL48946,IC50,uM,0.041
32118,CHEMBL794499,CHEMBL48946,Delta TC,%,-50.0
32119,CHEMBL675442,CHEMBL415967,Inhibition,%,91.0
32120,CHEMBL675440,CHEMBL415967,IC50,nM,45.0
32121,CHEMBL754363,CHEMBL415967,IC50,nM,6.9
32122,CHEMBL646053,CHEMBL50381,IC50,uM,
32123,CHEMBL641889,CHEMBL50381,IC50,uM,5.5
32124,CHEMBL638624,CHEMBL431940,IC50,uM,0.003
32125,CHEMBL641889,CHEMBL431940,IC50,uM,0.45
32126,CHEMBL738876,CHEMBL428688,Change,%,-2.0
32127,CHEMBL678159,CHEMBL140442,IC50,nM,3.4
32128,CHEMBL699874,CHEMBL140442,IC50,nM,200.0
32129,CHEMBL708367,CHEMBL140442,IC50,nM,380.0
32130,CHEMBL681849,CHEMBL117716,IC50,nM,44.4
32131,CHEMBL815798,CHEMBL117716,IC50,nM,1270.0
32132,CHEMBL764384,CHEMBL117716,IC50,nM,1440.0
32133,CHEMBL820684,CHEMBL117716,IC50,nM,59.2
32134,CHEMBL748168,CHEMBL345415,IC50,nM,181.0
32135,CHEMBL748601,CHEMBL345415,IC50,nM,1.07
32136,CHEMBL846717,CHEMBL345415,Ratio,,169.0
32137,CHEMBL745737,CHEMBL345415,ED50,nM,120.0
32138,CHEMBL745734,CHEMBL345415,CCh,%,110.0
32139,CHEMBL752966,CHEMBL345415,ED50,nM,4.2
32140,CHEMBL752964,CHEMBL345415,CCh,%,130.0
32141,CHEMBL748435,CHEMBL155960,Inhibition,%,18.0
32142,CHEMBL748434,CHEMBL155960,Inhibition,%,31.0
32143,CHEMBL760426,CHEMBL326085,IC50,uM,21.0
32144,CHEMBL820891,CHEMBL326085,IC50,uM,100.0
32145,CHEMBL656765,CHEMBL54768,IC80,ug ml-1,0.042
32146,CHEMBL656181,CHEMBL54768,IC80,ug ml-1,0.012
32147,CHEMBL656764,CHEMBL54768,IC80,ug ml-1,0.098
32148,CHEMBL663788,CHEMBL54768,IC80,ug ml-1,0.82
32149,CHEMBL664095,CHEMBL54768,IC80,ug ml-1,0.37
32150,CHEMBL650995,CHEMBL54768,IC80,ug ml-1,200.0
32151,CHEMBL650095,CHEMBL54768,IC80,ug ml-1,200.0
32152,CHEMBL705239,CHEMBL54768,IC50,ug ml-1,0.01
32153,CHEMBL667036,CHEMBL340006,Ki,nM,46.0
32154,CHEMBL679940,CHEMBL340006,Ki,nM,265.0
32155,CHEMBL773551,CHEMBL340006,CAR,MPK,1.0
32156,CHEMBL667036,CHEMBL336532,Ki,nM,7.6
32157,CHEMBL679940,CHEMBL336532,Ki,nM,1190.0
32158,CHEMBL773551,CHEMBL336532,CAR,MPK,1.0
32159,CHEMBL685976,CHEMBL290133,IC50,uM,20.0
32160,CHEMBL687383,CHEMBL290133,Intrinsic activity,,0.32
32161,CHEMBL757672,CHEMBL296415,IC50,ng ml-1,0.86
32162,CHEMBL758506,CHEMBL296415,ILS,%,2.0
32163,CHEMBL806794,CHEMBL296415,TGI,%,84.0
32164,CHEMBL720673,CHEMBL64310,Lysis,%,9.0
32165,CHEMBL763424,CHEMBL9650,IC50,ug ml-1,30.0
32166,CHEMBL763424,CHEMBL273396,IC50,ug ml-1,93.0
32167,CHEMBL767386,CHEMBL297654,pA2,,7.43
32168,CHEMBL767386,CHEMBL300191,pA2,,7.56
32169,CHEMBL818975,CHEMBL79591,IC50,M,0.0000053
32170,CHEMBL690412,CHEMBL86971,Ki,nM,0.8
32171,CHEMBL688445,CHEMBL86971,K inact/Ki,M-1 min-1,98000000.0
32172,CHEMBL688274,CHEMBL86971,IC50,nM,10.9
32173,CHEMBL688445,CHEMBL312911,K inact/Ki,M-1 min-1,2.0
32174,CHEMBL688273,CHEMBL312911,IC50,nM,20.0
32175,CHEMBL692357,CHEMBL310746,pD2,,3.85
32176,CHEMBL692358,CHEMBL310746,pD2,,4.6
32177,CHEMBL795939,CHEMBL310746,pD2,,6.4
32178,CHEMBL681645,CHEMBL78855,IC50,nM,5200.0
32179,CHEMBL754348,CHEMBL21521,Kd,uM,0.3
32180,CHEMBL857327,CHEMBL21521,Activity,,
32181,CHEMBL652136,CHEMBL21521,EC50,uM,1.3
32182,CHEMBL794892,CHEMBL322685,Protection,%,50.0
32183,CHEMBL794893,CHEMBL322685,Protection,%,55.0
32184,CHEMBL794889,CHEMBL322685,Protection,%,25.0
32185,CHEMBL794890,CHEMBL322685,Protection,%,37.0
32186,CHEMBL794891,CHEMBL322685,Protection,%,4.0
32187,CHEMBL616136,CHEMBL15928,Ki,nM,72.0
32188,CHEMBL616937,CHEMBL15928,Ki,nM,0.7
32189,CHEMBL616433,CHEMBL15928,Ki,nM,0.14
32190,CHEMBL616957,CHEMBL15928,Intrinsic activity,,
32191,CHEMBL768220,CHEMBL312763,IC50,M,3.4E-7
32192,CHEMBL711200,CHEMBL169084,Ki,nM,13.0
32193,CHEMBL709107,CHEMBL169084,Ki,nM,13.0
32194,CHEMBL712452,CHEMBL169084,Ki,nM,1.0
32195,CHEMBL759843,CHEMBL1160562,Kd,uM,6.0
32196,CHEMBL689457,CHEMBL76526,IC50,uM,0.63
32197,CHEMBL879914,CHEMBL76526,Symptoms,,
32198,CHEMBL819943,CHEMBL302455,IC50,nM,1.0
32199,CHEMBL718678,CHEMBL302455,Ki,nM,5000.0
32200,CHEMBL715002,CHEMBL302455,Ki,nM,435.0
32201,CHEMBL712454,CHEMBL302455,Ki,nM,2000.0
32202,CHEMBL702320,CHEMBL302455,IC50,uM,9.1
32203,CHEMBL819943,CHEMBL60373,IC50,nM,1.0
32204,CHEMBL718678,CHEMBL60373,Ki,nM,5000.0
32205,CHEMBL715002,CHEMBL60373,Ki,nM,482.0
32206,CHEMBL712454,CHEMBL60373,Ki,nM,2000.0
32207,CHEMBL702320,CHEMBL60373,IC50,uM,2.65
32208,CHEMBL765688,CHEMBL79902,IC50,nM,4.0
32209,CHEMBL768609,CHEMBL79902,Log IC50,,-8.4
32210,CHEMBL765688,CHEMBL421343,IC50,nM,30.0
32211,CHEMBL768609,CHEMBL421343,Log IC50,,-7.52
32212,CHEMBL765688,CHEMBL82934,IC50,nM,36.0
32213,CHEMBL768609,CHEMBL82934,Log IC50,,-7.44
32214,CHEMBL875031,CHEMBL539801,S,mg ml-1,21.0
32215,CHEMBL634601,CHEMBL539801,Solubility ratio,,449.0
32216,CHEMBL638806,CHEMBL539801,T1/2,min,1.0
32217,CHEMBL641932,CHEMBL539801,k,s-1,0.0115
32218,CHEMBL633252,CHEMBL539801,pKa,,3.2
32219,CHEMBL875031,CHEMBL539534,S,mg ml-1,13.0
32220,CHEMBL634601,CHEMBL539534,Solubility ratio,,8666.0
32221,CHEMBL638806,CHEMBL539534,T1/2,min,1.0
32222,CHEMBL641932,CHEMBL539534,k,s-1,0.0115
32223,CHEMBL798016,CHEMBL111217,Ki,nM,7.8
32224,CHEMBL801226,CHEMBL111217,Ki,nM,11.5
32225,CHEMBL806019,CHEMBL111217,Ki,nM,13.2
32226,CHEMBL803373,CHEMBL111217,Ki,nM,8300.0
32227,CHEMBL798145,CHEMBL111217,Ki,nM,5681.0
32228,CHEMBL807687,CHEMBL111217,Ki,nM,10000.0
32229,CHEMBL656171,CHEMBL111217,Efficacy,nM,2.0
32230,CHEMBL656169,CHEMBL111217,EC50,nM,
32231,CHEMBL656172,CHEMBL111217,Efficacy,nM,87.0
32232,CHEMBL656173,CHEMBL111217,IC50,nM,6.8
32233,CHEMBL658541,CHEMBL111217,EC50,nM,63.0
32234,CHEMBL656170,CHEMBL111217,EC50,nM,6.4
32235,CHEMBL656174,CHEMBL111217,Synergy,nM,1.8
32236,CHEMBL622484,CHEMBL111217,AUC,ug hr ml-1,17.7
32237,CHEMBL618964,CHEMBL111217,T max,hr,3.0
32238,CHEMBL621829,CHEMBL111217,Cmax,ug ml-1,3.69
32239,CHEMBL621829,CHEMBL111217,Cmax,uM,8.41
32240,CHEMBL804687,CHEMBL11209,Ratio,,5.8
32241,CHEMBL703664,CHEMBL11209,Ratio,,3.6
32242,CHEMBL620206,CHEMBL11209,Ratio,,2.9
32243,CHEMBL649313,CHEMBL266628,Ki,nM,4.0
32244,CHEMBL678556,CHEMBL266628,Ki,nM,5.0
32245,CHEMBL775502,CHEMBL266628,AOC,,6700.0
32246,CHEMBL775126,CHEMBL266628,BP,%,64.0
32247,CHEMBL656470,CHEMBL266628,Permeability rate,nm s-1,59.0
32248,CHEMBL653929,CHEMBL266628,Permeability rate,nm s-1,37.0
32249,CHEMBL717661,CHEMBL415341,EC50,nM,9.0
32250,CHEMBL717657,CHEMBL415341,cAMP accumulation,%,30.0
32251,CHEMBL717661,CHEMBL437822,EC50,nM,7.0
32252,CHEMBL717656,CHEMBL437822,EC50,nM,1330.0
32253,CHEMBL681468,CHEMBL285848,IC50,uM,11.9
32254,CHEMBL811886,CHEMBL342713,IC50,uM,0.11
32255,CHEMBL702324,CHEMBL342713,IC50,uM,50.0
32256,CHEMBL878493,CHEMBL342713,Ki,nM,4949.0
32257,CHEMBL714221,CHEMBL342713,Ki,nM,3333.0
32258,CHEMBL713580,CHEMBL342713,Ki,nM,2128.0
32259,CHEMBL642939,CHEMBL342713,Ki,nM,500.0
32260,CHEMBL674637,CHEMBL68920,IC50,uM,0.041
32261,CHEMBL763442,CHEMBL68920,IC50,uM,100.0
32262,CHEMBL816964,CHEMBL68920,IC50,uM,16.5
32263,CHEMBL621151,CHEMBL68920,IC50,uM,0.3
32264,CHEMBL845865,CHEMBL68920,IC50,uM,0.3
32265,CHEMBL615325,CHEMBL68920,IC50,uM,7.82
32266,CHEMBL615491,CHEMBL68920,IC50,uM,2.5
32267,CHEMBL674637,CHEMBL69960,IC50,uM,0.17
32268,CHEMBL763442,CHEMBL69960,IC50,uM,20.0
32269,CHEMBL816964,CHEMBL69960,IC50,uM,20.0
32270,CHEMBL621151,CHEMBL69960,IC50,uM,0.04
32271,CHEMBL683802,CHEMBL69960,IC50,uM,0.4
32272,CHEMBL615325,CHEMBL69960,IC50,uM,0.44
32273,CHEMBL615491,CHEMBL69960,IC50,uM,1.21
32274,CHEMBL635200,CHEMBL14377,logP,,6.8
32275,CHEMBL635200,CHEMBL14042,logP,,7.15
32276,CHEMBL693576,CHEMBL170061,Ki,nM,9.0
32277,CHEMBL693576,CHEMBL172437,Ki,nM,90.0
32278,CHEMBL685779,CHEMBL27759,IC50,uM,5.4
32279,CHEMBL760396,CHEMBL78569,MIC,ug ml-1,0.1
32280,CHEMBL682927,CHEMBL78569,MIC,ug ml-1,1.56
32281,CHEMBL814224,CHEMBL78569,MIC,ug ml-1,0.78
32282,CHEMBL813000,CHEMBL78569,ED50,mg kg-1,19.0
32283,CHEMBL810861,CHEMBL78569,Log CFU,,2.4
32284,CHEMBL639158,CHEMBL78569,clogP,,1.102
32285,CHEMBL760396,CHEMBL309514,MIC,ug ml-1,0.1
32286,CHEMBL682927,CHEMBL309514,MIC,ug ml-1,6.25
32287,CHEMBL814224,CHEMBL309514,MIC,ug ml-1,0.39
32288,CHEMBL813000,CHEMBL309514,ED50,mg kg-1,20.0
32289,CHEMBL639158,CHEMBL309514,clogP,,2.215
32290,CHEMBL809816,CHEMBL118232,MFC,ug ml-1,50.0
32291,CHEMBL818222,CHEMBL300266,IC50,uM,6.0
32292,CHEMBL720834,CHEMBL174142,HD50,uM kg-1,
32293,CHEMBL681278,CHEMBL174142,IC50,uM,30.0
32294,CHEMBL812612,CHEMBL330643,IC50,nM,734.0
32295,CHEMBL661804,CHEMBL369583,Ki,nM,1.3
32296,CHEMBL660489,CHEMBL369583,Ki,nM,2670.0
32297,CHEMBL815753,CHEMBL369583,Ki,nM,18.0
32298,CHEMBL842745,CHEMBL369583,PT,nM,
32299,CHEMBL661804,CHEMBL176744,Ki,nM,2.0
32300,CHEMBL660489,CHEMBL176744,Ki,nM,870.0
32301,CHEMBL815753,CHEMBL176744,Ki,nM,16.0
32302,CHEMBL661804,CHEMBL367476,Ki,nM,3.3
32303,CHEMBL660489,CHEMBL367476,Ki,nM,2300.0
32304,CHEMBL815753,CHEMBL367476,Ki,nM,13.0
32305,CHEMBL786955,CHEMBL544033,Glycaemia evolution,%,1.0
32306,CHEMBL786953,CHEMBL544033,Glycaemia evolution,%,-4.0
32307,CHEMBL786957,CHEMBL544033,Glycaemia evolution,%,-11.0
32308,CHEMBL786954,CHEMBL544033,Glycaemia evolution,%,-21.0
32309,CHEMBL676582,CHEMBL38057,Binding affinity,nM,9.5
32310,CHEMBL671547,CHEMBL38057,Binding affinity,nM,244.0
32311,CHEMBL676582,CHEMBL35326,Binding affinity,nM,4.7
32312,CHEMBL671547,CHEMBL35326,Binding affinity,nM,5000.0
32313,CHEMBL857382,CHEMBL446612,IC50,uM,227.0
32314,CHEMBL680369,CHEMBL446612,Inhibition,%,60.0
32315,CHEMBL756276,CHEMBL108417,Ki,nM,1062.0
32316,CHEMBL751582,CHEMBL108417,Ki,nM,10620.0
32317,CHEMBL755696,CHEMBL108417,Ki,nM,4099.0
32318,CHEMBL751263,CHEMBL108417,Ki,nM,39120.0
32319,CHEMBL749957,CHEMBL108417,Activity,,
32320,CHEMBL756276,CHEMBL322717,Ki,nM,1016.0
32321,CHEMBL751582,CHEMBL322717,Ki,nM,1591.0
32322,CHEMBL755696,CHEMBL322717,Ki,nM,1945.0
32323,CHEMBL751263,CHEMBL322717,Ki,nM,4978.0
32324,CHEMBL749957,CHEMBL322717,Activity,,
32325,CHEMBL764090,CHEMBL76383,IC50,uM,73.5
32326,CHEMBL676566,CHEMBL170335,IC50,uM,65.0
32327,CHEMBL671538,CHEMBL170335,IC50,uM,21.0
32328,CHEMBL681509,CHEMBL170335,IC50,uM,62.0
32329,CHEMBL676633,CHEMBL170335,IC50,uM,41.0
32330,CHEMBL842023,CHEMBL69638,IC50,uM,0.14
32331,CHEMBL842019,CHEMBL69638,IC50,uM,1.18
32332,CHEMBL842015,CHEMBL69638,IC50,uM,1.2
32333,CHEMBL841209,CHEMBL69638,IC50,uM,10.0
32334,CHEMBL844999,CHEMBL69638,IC50,uM,1.0
32335,CHEMBL817617,CHEMBL69638,IC50,uM,7.1
32336,CHEMBL847682,CHEMBL69638,IC50,uM,3.4
32337,CHEMBL754647,CHEMBL430460,Inhibition,%,54.0
32338,CHEMBL754808,CHEMBL430460,Inhibition,%,27.0
32339,CHEMBL750243,CHEMBL430460,Inhibition,%,25.0
32340,CHEMBL750824,CHEMBL75193,IC50,nM,759.0
32341,CHEMBL750824,CHEMBL73378,IC50,nM,1000.0
32342,CHEMBL684199,CHEMBL68964,Ki,nM,28000.0
32343,CHEMBL765483,CHEMBL290801,Ki,nM,8000.0
32344,CHEMBL711950,CHEMBL65614,IC50,nM,5.0
32345,CHEMBL711950,CHEMBL292773,IC50,nM,3.0
32346,CHEMBL647884,CHEMBL443325,IC50,nM,190.0
32347,CHEMBL647843,CHEMBL443325,IC50,nM,23.0
32348,CHEMBL770664,CHEMBL443325,EC50,nM,460.0
32349,CHEMBL647884,CHEMBL385063,IC50,nM,683.0
32350,CHEMBL643602,CHEMBL432162,IC50,nM,5.2
32351,CHEMBL787250,CHEMBL432162,Inhibition,%,-97.0
32352,CHEMBL621342,CHEMBL432162,AUC,,-22669.0
32353,CHEMBL625507,CHEMBL432162,logP,,3.888
32354,CHEMBL638472,CHEMBL432162,logD,,0.49
32355,CHEMBL663490,CHEMBL540596,IC50,nM,6.5
32356,CHEMBL657472,CHEMBL540596,IC50,nM,26.75
32357,CHEMBL665990,CHEMBL75225,Log 1/K,,-6.28
32358,CHEMBL812631,CHEMBL75225,Log 1/K,,-5.32
32359,CHEMBL665989,CHEMBL440283,Log 1/K,,-5.0
32360,CHEMBL812631,CHEMBL440283,Log 1/K,,-9.176
32361,CHEMBL665989,CHEMBL408706,Log 1/K,,-5.0
32362,CHEMBL812631,CHEMBL408706,Log 1/K,,-6.36
32363,CHEMBL818944,CHEMBL166062,IC50,nM,1650.0
32364,CHEMBL744193,CHEMBL166062,IC50,nM,1185.0
32365,CHEMBL707508,CHEMBL166062,IC50,nM,635.0
32366,CHEMBL707507,CHEMBL166062,IC50,nM,609.0
32367,CHEMBL824117,CHEMBL166062,IC50,nM,8760.0
32368,CHEMBL845348,CHEMBL166062,Average,,1020.0
32369,CHEMBL850360,CHEMBL166062,Toxicity ratio,,8.3
32370,CHEMBL818944,CHEMBL163792,IC50,nM,2493.0
32371,CHEMBL744193,CHEMBL163792,IC50,nM,1939.0
32372,CHEMBL707508,CHEMBL163792,IC50,nM,544.0
32373,CHEMBL707507,CHEMBL163792,IC50,nM,554.0
32374,CHEMBL824117,CHEMBL163792,IC50,nM,25000.0
32375,CHEMBL845348,CHEMBL163792,Average,,1380.0
32376,CHEMBL850360,CHEMBL163792,Toxicity ratio,,20.0
32377,CHEMBL784482,CHEMBL556829,IC50,nM,218.0
32378,CHEMBL768652,CHEMBL1203068,IC50,nM,5.14
32379,CHEMBL637303,CHEMBL1203068,S,mg ml-1,10.0
32380,CHEMBL763979,CHEMBL1203068,IC50,nM,0.16
32381,CHEMBL763981,CHEMBL1203068,IC50,nM,0.04
32382,CHEMBL628495,CHEMBL1203068,Activity,%,38.8
32383,CHEMBL638009,CHEMBL1203068,T1/2,min,172.0
32384,CHEMBL637303,CHEMBL112418,S,mg ml-1,1.0
32385,CHEMBL763979,CHEMBL112418,IC50,nM,0.41
32386,CHEMBL637303,CHEMBL1203045,S,mg ml-1,5.0
32387,CHEMBL763979,CHEMBL1203045,IC50,nM,5.33
32388,CHEMBL770633,CHEMBL6202,IC50,uM,0.14
32389,CHEMBL804187,CHEMBL18501,IC50,nM,1.4
32390,CHEMBL617154,CHEMBL18501,IC50,nM,100.0
32391,CHEMBL822780,CHEMBL18501,IC50,nM,8.0
32392,CHEMBL667495,CHEMBL18501,IC50,nM,100.0
32393,CHEMBL804187,CHEMBL19226,IC50,nM,35.0
32394,CHEMBL617154,CHEMBL19226,IC50,nM,100.0
32395,CHEMBL822780,CHEMBL19226,IC50,nM,100.0
32396,CHEMBL667495,CHEMBL19226,IC50,nM,100.0
32397,CHEMBL764816,CHEMBL352998,IC50,uM,0.23
32398,CHEMBL764816,CHEMBL354415,IC50,uM,0.012
32399,CHEMBL764304,CHEMBL172346,Inhibition,%,35.0
32400,CHEMBL764816,CHEMBL265475,IC50,uM,0.005
32401,CHEMBL749548,CHEMBL3349798,pA2,,6.7
32402,CHEMBL749541,CHEMBL3349798,pA2,,
32403,CHEMBL749632,CHEMBL3349798,pA2,,4.9
32404,CHEMBL615908,CHEMBL56,IC50,nM,1.1
32405,CHEMBL841531,CHEMBL138634,Ki,uM,28.0
32406,CHEMBL871747,CHEMBL149771,Ratio,,18.0
32407,CHEMBL670040,CHEMBL278572,IC50,nM,5.34
32408,CHEMBL809425,CHEMBL278572,Ki,nM,20.9
32409,CHEMBL747373,CHEMBL177646,IC50,nM,1000.0
32410,CHEMBL747373,CHEMBL2112023,IC50,nM,1800.0
32411,CHEMBL647997,CHEMBL293680,Inhibition,%,
32412,CHEMBL786649,CHEMBL293680,Inhibition,%,
32413,CHEMBL786909,CHEMBL293680,Inhibition,%,
32414,CHEMBL647995,CHEMBL431551,Inhibition,%,80.0
32415,CHEMBL790369,CHEMBL431551,Inhibition,%,
32416,CHEMBL791778,CHEMBL431551,Inhibition,%,
32417,CHEMBL647997,CHEMBL66644,Inhibition,%,
32418,CHEMBL789810,CHEMBL66644,Inhibition,%,
32419,CHEMBL646535,CHEMBL304930,Inhibition,%,97.3
32420,CHEMBL645934,CHEMBL304930,IC50,nM,15.0
32421,CHEMBL811134,CHEMBL96258,MIC,ug ml-1,0.0125
32422,CHEMBL811133,CHEMBL96258,MIC,ug ml-1,0.006
32423,CHEMBL804405,CHEMBL96258,MIC,ug ml-1,0.025
32424,CHEMBL675369,CHEMBL96258,MIC,ug ml-1,0.05
32425,CHEMBL732318,CHEMBL96258,MIC,ug ml-1,0.1
32426,CHEMBL676848,CHEMBL96258,MIC,ug ml-1,0.1
32427,CHEMBL675580,CHEMBL96258,MIC,ug ml-1,0.1
32428,CHEMBL700552,CHEMBL96258,MIC,ug ml-1,0.2
32429,CHEMBL764333,CHEMBL96258,MIC,ug ml-1,0.78
32430,CHEMBL764332,CHEMBL96258,MIC,ug ml-1,0.78
32431,CHEMBL873694,CHEMBL96258,ED50,mg kg-1,1.9
32432,CHEMBL808247,CHEMBL96258,MIC,ug ml-1,0.006
32433,CHEMBL807075,CHEMBL96258,MIC50,ug ml-1,0.2
32434,CHEMBL806954,CHEMBL96258,MIC90,ug ml-1,0.2
32435,CHEMBL675883,CHEMBL38747,IC50,nM,170.0
32436,CHEMBL615901,CHEMBL38747,IC50,nM,54.0
32437,CHEMBL884530,CHEMBL38747,IC50,nM,5.4
32438,CHEMBL717863,CHEMBL38747,ED50,mg kg-1,25.0
32439,CHEMBL675883,CHEMBL38409,IC50,nM,9.2
32440,CHEMBL615901,CHEMBL38409,IC50,nM,0.76
32441,CHEMBL884530,CHEMBL38409,IC50,nM,0.69
32442,CHEMBL717863,CHEMBL38409,ED50,mg kg-1,11.2
32443,CHEMBL651677,CHEMBL20042,Log 1/IC50(nM),,0.222
32444,CHEMBL651677,CHEMBL55630,Log 1/IC50(nM),,-3.23
32445,CHEMBL633267,CHEMBL291627,pKa,,8.46
32446,CHEMBL763404,CHEMBL308649,Ki,nM,8.5
32447,CHEMBL711218,CHEMBL308649,IC90,nM,1400.0
32448,CHEMBL849237,CHEMBL308649,Ratio,,165.0
32449,CHEMBL665994,CHEMBL253144,Log 1/K,,7.881
32450,CHEMBL858260,CHEMBL253144,Log 1/K,,7.204
32451,CHEMBL665994,CHEMBL27769,Log 1/K,,5.92
32452,CHEMBL858260,CHEMBL27769,Log 1/K,,9.74
32453,CHEMBL823476,CHEMBL87562,Ki,uM,0.33
32454,CHEMBL823474,CHEMBL64616,IC50,uM,30.5
32455,CHEMBL823476,CHEMBL64616,Ki,uM,32.1
32456,CHEMBL769366,CHEMBL108102,IC50,nM,42.0
32457,CHEMBL769526,CHEMBL108102,ED50,uM,0.049
32458,CHEMBL768560,CHEMBL108102,ED90,uM,1.0
32459,CHEMBL769366,CHEMBL322033,IC50,nM,1000.0
32460,CHEMBL768557,CHEMBL322033,ED50,uM,
32461,CHEMBL768561,CHEMBL322033,ED90,uM,
32462,CHEMBL760952,CHEMBL121627,IC50,uM,0.008
32463,CHEMBL760953,CHEMBL121627,IC50,uM,0.0014
32464,CHEMBL666232,CHEMBL143756,IC50,nM,100000.0
32465,CHEMBL666233,CHEMBL143756,IC50,nM,100000.0
32466,CHEMBL741842,CHEMBL143756,Inhibition,%,10.0
32467,CHEMBL794678,CHEMBL143756,Inhibition,%,23.0
32468,CHEMBL666232,CHEMBL140210,IC50,nM,37200.0
32469,CHEMBL666233,CHEMBL140210,IC50,nM,4570.0
32470,CHEMBL741840,CHEMBL140210,Inhibition,%,36.0
32471,CHEMBL794674,CHEMBL140210,Inhibition,%,3.0
32472,CHEMBL666232,CHEMBL342581,IC50,nM,8910.0
32473,CHEMBL666233,CHEMBL342581,IC50,nM,11700.0
32474,CHEMBL741842,CHEMBL342581,Inhibition,%,22.0
32475,CHEMBL794678,CHEMBL342581,Inhibition,%,17.0
32476,CHEMBL708311,CHEMBL31921,No. deaths/treated,,0.0
32477,CHEMBL708279,CHEMBL31921,T/C,%,87.0
32478,CHEMBL711627,CHEMBL31921,T/C,%,182.0
32479,CHEMBL669437,CHEMBL304123,-Log IC50,,3.45
32480,CHEMBL760652,CHEMBL77052,IC50,nM,4.25
32481,CHEMBL663463,CHEMBL313483,Ki,uM,2.27
32482,CHEMBL812385,CHEMBL313483,Ki,uM,0.043
32483,CHEMBL660241,CHEMBL313483,Ki,uM,0.001
32484,CHEMBL663463,CHEMBL87113,Ki,uM,0.08
32485,CHEMBL812385,CHEMBL87113,Ki,uM,0.006
32486,CHEMBL683843,CHEMBL102654,C50,ug ml-1,100.0
32487,CHEMBL616349,CHEMBL335297,Log Ki,,-8.5
32488,CHEMBL616791,CHEMBL335297,pKi,,6.1
32489,CHEMBL785633,CHEMBL335297,ID50,mg kg-1,1.41
32490,CHEMBL787825,CHEMBL335297,MED,mg kg-1,40.0
32491,CHEMBL787826,CHEMBL335297,MED,mg kg-1,1.25
32492,CHEMBL789946,CHEMBL335297,Max effect,%,4.0
32493,CHEMBL789947,CHEMBL335297,Max effect,%,96.0
32494,CHEMBL846649,CHEMBL335297,Ratio,,32.0
32495,CHEMBL647535,CHEMBL335297,ED50,mg kg-1,1.25
32496,CHEMBL670369,CHEMBL335297,ID50,mg kg-1,40.0
32497,CHEMBL814872,CHEMBL268064,EC50,uM,8.0
32498,CHEMBL814872,CHEMBL115543,EC50,uM,1.0
32499,CHEMBL814872,CHEMBL335036,EC50,uM,800.0
32500,CHEMBL814872,CHEMBL337875,EC50,uM,0.8
32501,CHEMBL814872,CHEMBL130058,EC50,uM,70.0
32502,CHEMBL814872,CHEMBL132254,EC50,uM,800.0
32503,CHEMBL814872,CHEMBL433847,EC50,uM,800.0
32504,CHEMBL616349,CHEMBL131011,Log Ki,,-8.76
32505,CHEMBL616791,CHEMBL131011,pKi,,6.7
32506,CHEMBL785633,CHEMBL131011,ID50,mg kg-1,1.32
32507,CHEMBL787825,CHEMBL131011,MED,mg kg-1,10.0
32508,CHEMBL787826,CHEMBL131011,MED,mg kg-1,0.63
32509,CHEMBL789946,CHEMBL131011,Max effect,%,43.0
32510,CHEMBL789947,CHEMBL131011,Max effect,%,63.0
32511,CHEMBL846649,CHEMBL131011,Ratio,,15.8
32512,CHEMBL857994,CHEMBL131011,Log Ki,,-7.75
32513,CHEMBL879867,CHEMBL131011,Log Ki,,-7.38
32514,CHEMBL857537,CHEMBL131011,Ki ratio,,18.6
32515,CHEMBL849639,CHEMBL131011,Ki ratio,,43.6
32516,CHEMBL647535,CHEMBL131011,ED50,mg kg-1,5.0
32517,CHEMBL670369,CHEMBL131011,ID50,mg kg-1,40.0
32518,CHEMBL664430,CHEMBL20224,Log 1/Ki,,8.42
32519,CHEMBL673211,CHEMBL162006,IC50,nM,126.0
32520,CHEMBL806971,CHEMBL162006,IC50,nM,761.0
32521,CHEMBL848961,CHEMBL162006,Selectivity,,6.0
32522,CHEMBL760952,CHEMBL330844,IC50,uM,0.023
32523,CHEMBL760953,CHEMBL330844,IC50,uM,0.1
32524,CHEMBL802044,CHEMBL318730,Log IC50,,-6.34
32525,CHEMBL858265,CHEMBL21032,Log 1/Ki,,7.67
32526,CHEMBL858265,CHEMBL20129,Log 1/Ki,,8.17
32527,CHEMBL709184,CHEMBL338077,pIC50,,8.0223
32528,CHEMBL709184,CHEMBL339219,pIC50,,7.2676
32529,CHEMBL702885,CHEMBL429,Log K',,0.14
32530,CHEMBL702885,CHEMBL34259,Log K',,0.77
32531,CHEMBL702885,CHEMBL822,Log K',,1.17
32532,CHEMBL621533,CHEMBL6710,Ki,nM,1.2
32533,CHEMBL621508,CHEMBL6710,Ki,nM,0.26
32534,CHEMBL617107,CHEMBL6710,EC50,nM,8.38
32535,CHEMBL617948,CHEMBL6710,Max stimulation,%,80.0
32536,CHEMBL701293,CHEMBL63875,Inhibition,%,50.0
32537,CHEMBL701294,CHEMBL63875,Inhibition,%,50.0
32538,CHEMBL701719,CHEMBL324842,IC50,uM,9.0
32539,CHEMBL697474,CHEMBL325712,MIC,ug ml-1,50.0
32540,CHEMBL879731,CHEMBL113395,MIC,ug ml-1,0.037
32541,CHEMBL787929,CHEMBL113395,Inhibition,%,59.0
32542,CHEMBL685045,CHEMBL113395,Inhibition,%,65.0
32543,CHEMBL750418,CHEMBL423694,IC50,nM,1.56
32544,CHEMBL749749,CHEMBL423694,IC50,nM,5250.0
32545,CHEMBL857684,CHEMBL423694,IC50,nM,10000.0
32546,CHEMBL880537,CHEMBL423694,Ratio,,3370.0
32547,CHEMBL846371,CHEMBL423694,Ratio,,6410.0
32548,CHEMBL751918,CHEMBL423694,EC50,nM,13.7
32549,CHEMBL751923,CHEMBL423694,Emax,%,109.0
32550,CHEMBL636562,CHEMBL423694,Remaining,%,1.0
32551,CHEMBL639619,CHEMBL423694,Remaining,%,58.0
32552,CHEMBL642193,CHEMBL17002,Ki,nM,37.6
32553,CHEMBL641306,CHEMBL17002,Ki,nM,548.0
32554,CHEMBL644312,CHEMBL17002,Ki,nM,157.0
32555,CHEMBL644471,CHEMBL17002,Ki,nM,112.0
32556,CHEMBL618339,CHEMBL17002,Ki,nM,1.39
32557,CHEMBL646441,CHEMBL17002,Ki,nM,230.0
32558,CHEMBL846372,CHEMBL17002,Ratio,,110.0
32559,CHEMBL846373,CHEMBL17002,Ratio,,81.0
32560,CHEMBL846374,CHEMBL17002,Ratio,,170.0
32561,CHEMBL816447,CHEMBL50117,IC50,uM,0.89
32562,CHEMBL643509,CHEMBL55842,Inhibition,%,18.0
32563,CHEMBL699739,CHEMBL278700,IC50,uM,3.9
32564,CHEMBL715372,CHEMBL151539,IC50,nM,13.0
32565,CHEMBL716610,CHEMBL151539,IC50,nM,0.4
32566,CHEMBL709523,CHEMBL151539,IC50,nM,2.0
32567,CHEMBL713450,CHEMBL151539,IC50,nM,381.0
32568,CHEMBL873935,CHEMBL151539,IC50,nM,1.0
32569,CHEMBL631881,CHEMBL151539,Absorption,%,
32570,CHEMBL815654,CHEMBL145741,pKi,,7.13
32571,CHEMBL821446,CHEMBL145741,pKi,,6.161
32572,CHEMBL857787,CHEMBL145741,pKi,,5.699
32573,CHEMBL815654,CHEMBL145795,pKi,,6.699
32574,CHEMBL821446,CHEMBL145795,pKi,,5.921
32575,CHEMBL857787,CHEMBL145795,pKi,,4.569
32576,CHEMBL815654,CHEMBL357211,pKi,,6.553
32577,CHEMBL821446,CHEMBL357211,pKi,,6.921
32578,CHEMBL857787,CHEMBL357211,pKi,,4.77
32579,CHEMBL815654,CHEMBL435423,pKi,,5.921
32580,CHEMBL821446,CHEMBL435423,pKi,,4.85
32581,CHEMBL857787,CHEMBL435423,pKi,,4.19
32582,CHEMBL815654,CHEMBL1161260,pKi,,5.538
32583,CHEMBL821446,CHEMBL1161260,pKi,,4.796
32584,CHEMBL857787,CHEMBL1161260,pKi,,3.886
32585,CHEMBL815654,CHEMBL1161256,pKi,,4.523
32586,CHEMBL821446,CHEMBL1161256,pKi,,3.928
32587,CHEMBL857787,CHEMBL1161256,pKi,,3.886
32588,CHEMBL679318,CHEMBL275216,MIC,ug ml-1,0.1
32589,CHEMBL679318,CHEMBL15353,MIC,ug ml-1,0.05
32590,CHEMBL679318,CHEMBL15322,MIC,ug ml-1,0.05
32591,CHEMBL679318,CHEMBL279854,MIC,ug ml-1,0.4
32592,CHEMBL701297,CHEMBL790,Inhibition,%,50.0
32593,CHEMBL701298,CHEMBL790,Inhibition,%,50.0
32594,CHEMBL700693,CHEMBL790,Inhibition,%,50.0
32595,CHEMBL691108,CHEMBL308930,IC50,uM,95.0
32596,CHEMBL763633,CHEMBL308930,IC50,uM,0.08
32597,CHEMBL691107,CHEMBL308930,CC50,uM,100.0
32598,CHEMBL751585,CHEMBL39398,Inhibition,%,61.0
32599,CHEMBL751584,CHEMBL39398,Inhibition,%,0.0
32600,CHEMBL737465,CHEMBL39398,ED50,mg kg-1,
32601,CHEMBL645599,CHEMBL292697,IC50,uM,10.89
32602,CHEMBL857907,CHEMBL435386,MIC,ug ml-1,0.1
32603,CHEMBL621290,CHEMBL435386,MIC,ug ml-1,0.1
32604,CHEMBL621292,CHEMBL435386,MIC,ug ml-1,100.0
32605,CHEMBL811461,CHEMBL435386,MIC,ug ml-1,0.03
32606,CHEMBL811460,CHEMBL435386,MIC,ug ml-1,128.0
32607,CHEMBL811459,CHEMBL435386,MIC,ug ml-1,0.5
32608,CHEMBL857941,CHEMBL435386,MIC,ug ml-1,0.03
32609,CHEMBL857902,CHEMBL435386,MIC,ug ml-1,128.0
32610,CHEMBL756815,CHEMBL435386,MIC,ug ml-1,0.5
32611,CHEMBL858497,CHEMBL435386,MIC,ug ml-1,8.0
32612,CHEMBL748261,CHEMBL289142,IC50,uM,0.056
32613,CHEMBL748110,CHEMBL289142,IC50,uM,15.5
32614,CHEMBL740014,CHEMBL289142,ED50,mg kg-1,0.47
32615,CHEMBL824690,CHEMBL420762,Ki,nM,9.42
32616,CHEMBL877834,CHEMBL438897,Ki,nM,0.24
32617,CHEMBL879085,CHEMBL438897,No. of rats,,2.0
32618,CHEMBL802927,CHEMBL118299,IC50,nM,21.0
32619,CHEMBL698938,CHEMBL118299,IC50,nM,40.0
32620,CHEMBL818854,CHEMBL118299,IC50,nM,1000.0
32621,CHEMBL802927,CHEMBL116958,IC50,nM,680.0
32622,CHEMBL698938,CHEMBL116958,IC50,nM,600.0
32623,CHEMBL818854,CHEMBL116958,IC50,nM,1000.0
32624,CHEMBL857907,CHEMBL132989,MIC,ug ml-1,6.2
32625,CHEMBL621290,CHEMBL132989,MIC,ug ml-1,6.2
32626,CHEMBL621292,CHEMBL132989,MIC,ug ml-1,100.0
32627,CHEMBL811461,CHEMBL132989,MIC,ug ml-1,1.0
32628,CHEMBL811460,CHEMBL132989,MIC,ug ml-1,32.0
32629,CHEMBL811459,CHEMBL132989,MIC,ug ml-1,1.0
32630,CHEMBL857941,CHEMBL132989,MIC,ug ml-1,0.5
32631,CHEMBL857902,CHEMBL132989,MIC,ug ml-1,64.0
32632,CHEMBL756815,CHEMBL132989,MIC,ug ml-1,4.0
32633,CHEMBL858497,CHEMBL132989,MIC,ug ml-1,64.0
32634,CHEMBL659765,CHEMBL52600,Inhibition,%,32.0
32635,CHEMBL707962,CHEMBL3215340,IC50,uM,500.0
32636,CHEMBL714940,CHEMBL3215340,IC50,uM,500.0
32637,CHEMBL655393,CHEMBL3215340,IC50,uM,500.0
32638,CHEMBL692261,CHEMBL3215340,EC50,uM,250.0
32639,CHEMBL691114,CHEMBL3215340,EC50,uM,250.0
32640,CHEMBL714980,CHEMBL3215340,EC50,uM,100.0
32641,CHEMBL651434,CHEMBL3215340,MIC,uM,100.0
32642,CHEMBL707962,CHEMBL405267,IC50,uM,250.0
32643,CHEMBL714940,CHEMBL405267,IC50,uM,250.0
32644,CHEMBL655393,CHEMBL405267,IC50,uM,250.0
32645,CHEMBL692261,CHEMBL405267,EC50,uM,0.75
32646,CHEMBL691114,CHEMBL405267,EC50,uM,4.5
32647,CHEMBL714980,CHEMBL405267,EC50,uM,4.0
32648,CHEMBL651434,CHEMBL405267,MIC,uM,20.0
32649,CHEMBL677578,CHEMBL46425,IC50,uM,0.02
32650,CHEMBL677577,CHEMBL46425,IC50,uM,0.07
32651,CHEMBL677576,CHEMBL46425,IC50,uM,0.07
32652,CHEMBL677581,CHEMBL46425,IC50,uM,30.0
32653,CHEMBL799973,CHEMBL46425,MIC50,ug ml-1,0.001
32654,CHEMBL688186,CHEMBL46425,MIC50,ug ml-1,64.0
32655,CHEMBL671307,CHEMBL46425,MIC50,ug ml-1,64.0
32656,CHEMBL801917,CHEMBL46425,MIC50,ug ml-1,64.0
32657,CHEMBL675652,CHEMBL46425,MIC50,ug ml-1,64.0
32658,CHEMBL857954,CHEMBL46425,MIC50,ug ml-1,2.0
32659,CHEMBL662852,CHEMBL125482,ED50,uM kg-1,76.6
32660,CHEMBL662854,CHEMBL125482,ED50,uM kg-1,54.6
32661,CHEMBL764982,CHEMBL134277,Efficacy,%,174.0
32662,CHEMBL760810,CHEMBL134277,EC50,nM,0.71
32663,CHEMBL764983,CHEMBL134277,Efficacy,%,48.0
32664,CHEMBL760811,CHEMBL134277,EC50,nM,5.5
32665,CHEMBL766187,CHEMBL134277,Ki,nM,1.3
32666,CHEMBL648842,CHEMBL134277,Ki,nM,669.0
32667,CHEMBL681751,CHEMBL134277,Ki,nM,84.0
32668,CHEMBL649488,CHEMBL134277,Efficacy,%,52.0
32669,CHEMBL647746,CHEMBL134277,IC50,nM,215.0
32670,CHEMBL850819,CHEMBL134277,Ratio,,303.0
32671,CHEMBL678538,CHEMBL134277,Efficacy,%,45.0
32672,CHEMBL685254,CHEMBL134277,IC50,nM,100.0
32673,CHEMBL850821,CHEMBL134277,Ratio,,141.0
32674,CHEMBL729973,CHEMBL134277,Efficacy,%,63.0
32675,CHEMBL729167,CHEMBL134277,IC50,nM,1900.0
32676,CHEMBL850822,CHEMBL134277,Ratio,,1000.0
32677,CHEMBL679341,CHEMBL134277,Efficacy,%,36.0
32678,CHEMBL679016,CHEMBL134277,IC50,nM,3488.0
32679,CHEMBL850820,CHEMBL134277,Ratio,,1000.0
32680,CHEMBL677833,CHEMBL137635,IC50,uM,9.3
32681,CHEMBL620836,CHEMBL137635,IC50,uM,25.14
32682,CHEMBL751483,CHEMBL137635,IC50,uM,64.09
32683,CHEMBL752940,CHEMBL137635,IC50,uM,39.42
32684,CHEMBL849471,CHEMBL137635,Ratio,,0.62
32685,CHEMBL656399,CHEMBL150677,TCS50,uM,250.0
32686,CHEMBL727781,CHEMBL116426,Recovery,%,20.5
32687,CHEMBL725369,CHEMBL116426,Recovery,,
32688,CHEMBL725368,CHEMBL116426,Recovery,,
32689,CHEMBL759187,CHEMBL335538,EC50,nM,19000.0
32690,CHEMBL755047,CHEMBL335538,EC50,nM,9000.0
32691,CHEMBL759187,CHEMBL335206,EC50,nM,96.0
32692,CHEMBL755047,CHEMBL335206,EC50,nM,30000.0
32693,CHEMBL756289,CHEMBL335206,EC50,nM,82.0
32694,CHEMBL759509,CHEMBL335206,EC50,nM,2500.0
32695,CHEMBL751111,CHEMBL335206,EC50,nM,100000.0
32696,CHEMBL751806,CHEMBL335206,EC50,nM,8800.0
32697,CHEMBL750982,CHEMBL335206,EC50,nM,25000.0
32698,CHEMBL759189,CHEMBL265502,EC50,nM,10000.0
32699,CHEMBL751765,CHEMBL265502,EC50,nM,48000.0
32700,CHEMBL756885,CHEMBL265502,EC50,nM,100000.0
32701,CHEMBL757048,CHEMBL265502,Inhibition,%,27.0
32702,CHEMBL755048,CHEMBL265502,EC50,nM,16000.0
32703,CHEMBL756289,CHEMBL265502,EC50,nM,4000.0
32704,CHEMBL759514,CHEMBL265502,EC50,nM,1000.0
32705,CHEMBL751112,CHEMBL265502,EC50,nM,10400.0
32706,CHEMBL750977,CHEMBL265502,EC50,nM,3000.0
32707,CHEMBL751806,CHEMBL265502,EC50,nM,14900.0
32708,CHEMBL750986,CHEMBL265502,EC50,nM,100000.0
32709,CHEMBL750991,CHEMBL265502,EC50,nM,4000.0
32710,CHEMBL750993,CHEMBL265502,EC50,nM,100000.0
32711,CHEMBL754454,CHEMBL265502,EC50,nM,92000.0
32712,CHEMBL672120,CHEMBL132206,IC50,nM,23.0
32713,CHEMBL672120,CHEMBL130747,IC50,nM,640.0
32714,CHEMBL765509,CHEMBL143482,IC50,uM,2.5
32715,CHEMBL857414,CHEMBL143482,IC50,uM,0.33
32716,CHEMBL844936,CHEMBL143482,IC50,uM,28.8
32717,CHEMBL844935,CHEMBL143482,IC50,uM,2.9
32718,CHEMBL765509,CHEMBL358814,IC50,uM,15.0
32719,CHEMBL857414,CHEMBL358814,IC50,uM,0.9
32720,CHEMBL844936,CHEMBL358814,IC50,uM,47.5
32721,CHEMBL844935,CHEMBL358814,IC50,uM,4.0
32722,CHEMBL660279,CHEMBL90512,IC50,nM,50.0
32723,CHEMBL813440,CHEMBL90512,Cell survived,day,41.0
32724,CHEMBL660279,CHEMBL327902,IC50,uM,10.0
32725,CHEMBL727911,CHEMBL323644,Recovery,%,77.0
32726,CHEMBL727782,CHEMBL323644,Recovery,%,71.0
32727,CHEMBL727780,CHEMBL323644,Recovery,%,34.0
32728,CHEMBL697882,CHEMBL320290,IC50,uM,2.7
32729,CHEMBL696665,CHEMBL320290,IC50,uM,100.0
32730,CHEMBL746717,CHEMBL320290,IC50,uM,100.0
32731,CHEMBL781517,CHEMBL320290,EC50,uM,280.0
32732,CHEMBL680867,CHEMBL320290,IC50,uM,200.0
32733,CHEMBL680697,CHEMBL320290,IC50,uM,1000.0
32734,CHEMBL680699,CHEMBL320290,IC50,uM,430.0
32735,CHEMBL680701,CHEMBL320290,IC50,uM,1000.0
32736,CHEMBL640846,CHEMBL320290,pKa,,1.78
32737,CHEMBL640845,CHEMBL320290,pKa,,5.78
32738,CHEMBL640844,CHEMBL320290,pKa,,9.48
32739,CHEMBL698414,CHEMBL93376,Ki,nM,14.0
32740,CHEMBL736086,CHEMBL93376,ED50,mg kg-1,0.28
32741,CHEMBL698414,CHEMBL330063,Ki,nM,500.0
32742,CHEMBL736086,CHEMBL330063,ED50,mg kg-1,10.0
32743,CHEMBL878448,CHEMBL106698,IC50,uM,120.0
32744,CHEMBL698595,CHEMBL104564,IC50,uM,900.0
32745,CHEMBL878448,CHEMBL105780,IC50,uM,8.1
32746,CHEMBL660093,CHEMBL41646,k2,M-1 s-1,
32747,CHEMBL658637,CHEMBL41646,k2,M-1 s-1,310.0
32748,CHEMBL658658,CHEMBL41646,k2,M-1 s-1,44.0
32749,CHEMBL659712,CHEMBL41646,k2,M-1 s-1,180.0
32750,CHEMBL660092,CHEMBL289184,k2,M-1 s-1,950.0
32751,CHEMBL658638,CHEMBL289184,k2,M-1 s-1,
32752,CHEMBL658659,CHEMBL289184,k2,M-1 s-1,
32753,CHEMBL659714,CHEMBL289184,k2,M-1 s-1,
32754,CHEMBL619844,CHEMBL46553,IC50,uM,0.32
32755,CHEMBL766428,CHEMBL348223,Activity,%,0.0
32756,CHEMBL767547,CHEMBL348223,Activity,%,-9.0
32757,CHEMBL767542,CHEMBL348223,Activity,%,-4.0
32758,CHEMBL809631,CHEMBL348223,MIC,ug ml-1,128.0
32759,CHEMBL768018,CHEMBL348223,IC50,ug ml-1,100.0
32760,CHEMBL857227,CHEMBL2369383,pA2,,6.52
32761,CHEMBL672011,CHEMBL282710,Ki,uM,1.22
32762,CHEMBL646261,CHEMBL282710,Control,%,20.0
32763,CHEMBL876585,CHEMBL1907776,IC50,uM,11.0
32764,CHEMBL773175,CHEMBL573,Change,%,-39.0
32765,CHEMBL773168,CHEMBL573,Change,%,-29.0
32766,CHEMBL840880,CHEMBL573,Change,%,20.0
32767,CHEMBL848129,CHEMBL573,Ratio,,63.0
32768,CHEMBL771242,CHEMBL573,Change,%,-3.0
32769,CHEMBL773173,CHEMBL573,Change,%,-4.0
32770,CHEMBL674643,CHEMBL306988,IC50,uM,500.0
32771,CHEMBL675639,CHEMBL306988,Ki,uM,
32772,CHEMBL674643,CHEMBL66879,IC50,uM,3000.0
32773,CHEMBL675636,CHEMBL66879,Ki,uM,1000.0
32774,CHEMBL878232,CHEMBL76655,Blood glucose,%,103.0
32775,CHEMBL733917,CHEMBL76655,Blood glucose,%,104.0
32776,CHEMBL878232,CHEMBL312517,Blood glucose,%,63.0
32777,CHEMBL733917,CHEMBL312517,Blood glucose,%,64.0
32778,CHEMBL878232,CHEMBL73733,Blood glucose,%,100.0
32779,CHEMBL733917,CHEMBL73733,Blood glucose,%,109.0
32780,CHEMBL674643,CHEMBL77085,IC50,uM,96.0
32781,CHEMBL675636,CHEMBL77085,Ki,uM,24.0
32782,CHEMBL878232,CHEMBL308314,Blood glucose,%,105.0
32783,CHEMBL733917,CHEMBL308314,Blood glucose,%,109.0
32784,CHEMBL810485,CHEMBL2367622,MIC,ug ml-1,0.12
32785,CHEMBL806975,CHEMBL2367622,MIC,ug ml-1,0.12
32786,CHEMBL807526,CHEMBL2367622,MIC,ug ml-1,4.0
32787,CHEMBL813827,CHEMBL2367622,MIC,ug ml-1,0.06
32788,CHEMBL812255,CHEMBL2367622,MIC,ug ml-1,0.06
32789,CHEMBL814006,CHEMBL2367622,MIC,ug ml-1,0.12
32790,CHEMBL716789,CHEMBL2367622,ED50,mg kg-1,300.0
32791,CHEMBL716790,CHEMBL2367622,ED50,mg kg-1,0.08
32792,CHEMBL810486,CHEMBL2367627,MIC,ug ml-1,0.12
32793,CHEMBL806975,CHEMBL2367627,MIC,ug ml-1,0.12
32794,CHEMBL813827,CHEMBL2367627,MIC,ug ml-1,0.06
32795,CHEMBL812255,CHEMBL2367627,MIC,ug ml-1,0.12
32796,CHEMBL814006,CHEMBL2367627,MIC,ug ml-1,0.12
32797,CHEMBL716789,CHEMBL2367627,ED50,mg kg-1,300.0
32798,CHEMBL716790,CHEMBL2367627,ED50,mg kg-1,0.08
32799,CHEMBL810486,CHEMBL2367615,MIC,ug ml-1,0.06
32800,CHEMBL806975,CHEMBL2367615,MIC,ug ml-1,0.06
32801,CHEMBL807526,CHEMBL2367615,MIC,ug ml-1,0.12
32802,CHEMBL813827,CHEMBL2367615,MIC,ug ml-1,0.06
32803,CHEMBL812255,CHEMBL2367615,MIC,ug ml-1,0.12
32804,CHEMBL814006,CHEMBL2367615,MIC,ug ml-1,0.12
32805,CHEMBL716790,CHEMBL2367615,ED50,mg kg-1,1.25
32806,CHEMBL673661,CHEMBL2367615,MIC,ug ml-1,8.0
32807,CHEMBL858592,CHEMBL2367615,MIC,ug ml-1,64.0
32808,CHEMBL769408,CHEMBL2367615,MIC,ug ml-1,32.0
32809,CHEMBL736558,CHEMBL161433,Analgesia,%,58.0
32810,CHEMBL736556,CHEMBL161433,Analgesia,%,8.0
32811,CHEMBL759241,CHEMBL161433,Ki,nM,
32812,CHEMBL765038,CHEMBL161433,Reversal,%,
32813,CHEMBL764876,CHEMBL161433,Reversal,%,
32814,CHEMBL879763,CHEMBL161433,Reversal type,,0.0
32815,CHEMBL736558,CHEMBL161057,Analgesia,%,80.0
32816,CHEMBL736556,CHEMBL161057,Analgesia,%,0.0
32817,CHEMBL759239,CHEMBL161057,Ki,nM,100.0
32818,CHEMBL765040,CHEMBL161057,Reversal,%,28.0
32819,CHEMBL765039,CHEMBL161057,Reversal,%,103.0
32820,CHEMBL764876,CHEMBL161057,Reversal,%,
32821,CHEMBL741008,CHEMBL161057,Reversal type,,1.0
32822,CHEMBL639739,CHEMBL604202,Ki,nM,8.3
32823,CHEMBL646359,CHEMBL604202,Ki,nM,6100.0
32824,CHEMBL850508,CHEMBL604202,Ratio,,730.0
32825,CHEMBL858574,CHEMBL50413,T1/2,min,36.9
32826,CHEMBL635570,CHEMBL544127,S,mg ml-1,16.0
32827,CHEMBL632385,CHEMBL544127,logD,,17.0
32828,CHEMBL639815,CHEMBL544127,pKa,,10.4
32829,CHEMBL656569,CHEMBL544127,I50,M,9E-9
32830,CHEMBL770199,CHEMBL544127,Inhibition,%,58.0
32831,CHEMBL734849,CHEMBL359203,ED50,mg kg-1,10.0
32832,CHEMBL754715,CHEMBL359203,IC50,nM,
32833,CHEMBL661587,CHEMBL108,ED50,mg kg-1,8.81
32834,CHEMBL657254,CHEMBL108,ED50,mg kg-1,
32835,CHEMBL663284,CHEMBL108,TD50,mg kg-1,71.56
32836,CHEMBL844745,CHEMBL108,PI,,8.12
32837,CHEMBL630734,CHEMBL108,TPE,,0.25
32838,CHEMBL630735,CHEMBL108,TPE,,0.25
32839,CHEMBL672187,CHEMBL543943,Potency ratio,,0.91
32840,CHEMBL669747,CHEMBL543943,Half duration,min,52.0
32841,CHEMBL687837,CHEMBL543943,Increase in CBF,ml min-1,0.5
32842,CHEMBL672187,CHEMBL346482,Potency ratio,,0.17
32843,CHEMBL669747,CHEMBL346482,Half duration,min,24.0
32844,CHEMBL687835,CHEMBL346482,Increase in CBF,ml min-1,0.5
32845,CHEMBL672187,CHEMBL347704,Potency ratio,,0.9
32846,CHEMBL669747,CHEMBL347704,Half duration,min,46.0
32847,CHEMBL687835,CHEMBL347704,Increase in CBF,ml min-1,0.5
32848,CHEMBL804314,CHEMBL347704,Change in blood pressure,delta mmHg,-55.5
32849,CHEMBL804317,CHEMBL347704,Change in blood pressure,delta mmHg,-22.3
32850,CHEMBL672187,CHEMBL351559,Potency ratio,,0.21
32851,CHEMBL669747,CHEMBL351559,Half duration,min,37.0
32852,CHEMBL687836,CHEMBL351559,Increase in CBF,ml min-1,0.5
32853,CHEMBL839886,CHEMBL89565,ED50,uM,25.0
32854,CHEMBL715108,CHEMBL89565,ED50,uM,25.0
32855,CHEMBL695204,CHEMBL89565,ED50,uM,25.0
32856,CHEMBL805663,CHEMBL89565,ED50,uM,25.0
32857,CHEMBL708210,CHEMBL89565,ED50,uM,25.0
32858,CHEMBL876585,CHEMBL36880,IC50,uM,400.0
32859,CHEMBL701521,CHEMBL3144016,Activity,,
32860,CHEMBL820906,CHEMBL3144016,Activity,,
32861,CHEMBL652481,CHEMBL3144016,Activity,,
32862,CHEMBL695774,CHEMBL3144016,Activity,,
